id,title,company,risk,verdict,scam_type,top_signals,label
469,Junior Software Engineer,not stated,0.0272,looks_ok,,,0
5229,UI Designer at Intel,not stated,0.0,looks_ok,,,0
13148,"Digital Marketing Coordinator, Singapore",not stated,0.3748,check,,Pay-per-task gig; Hired with no interview,0
14124,Inhouse Sales Associate,not stated,0.1489,looks_ok,,Pay-per-task gig,0
11588,SEO Analysis,not stated,0.2512,looks_ok,,Pay-per-task gig,1
4590,Web design intern,not stated,0.4262,check,,Pay-per-task gig; Asks you to pay money,1
8493,SAP BW Solution Architect,not stated,0.2432,looks_ok,,Asks you to pay money,0
9763,Chief Operating Officer--TX/OK (north of Dallas) (For-Profit Hospital Exp.Required),not stated,0.0,looks_ok,,,0
17505,Sales Representative,not stated,0.4133,check,,Asks you to pay money; Moves money for the 'employer',0
9800,Deputy Editor,not stated,0.0125,looks_ok,,,0
17523,Home Based Payroll Typist/Data Entry Clerks Positions Available,not stated,0.5483,check,,Pay-per-task gig; Hired with no interview; Asks you to pay money; Pushes you off-platform,1
7514,UX Guru,not stated,0.2974,looks_ok,,Pay-per-task gig,0
11566,Information Security Manager,not stated,0.0,looks_ok,,,1
11397,Elite Agent,not stated,0.0935,looks_ok,,Pay-per-task gig,0
6576,Project Subcontracting Manager,not stated,0.31,check,,Pay-per-task gig,1
1822,Principal/Senior Mechanical Engineer (Package Equipment),not stated,0.2749,looks_ok,,Pay-per-task gig; Wants sensitive data up front,1
17759,Personal Assistant,not stated,0.4677,check,,Hired with no interview; Pushes you off-platform; Pressure to act fast; Pay-per-task gig,1
17746,Customer Service Position,not stated,0.0821,looks_ok,,,1
6456,Frontend Developer,not stated,0.3022,check,,Asks you to pay money; Pay-per-task gig,0
12683,Project Manager,not stated,0.255,looks_ok,,Employer is vague,0
